id,timestamp,customer_name,email,complaint,category,urgency,summary,department,suggested_action,customer_reply
4e527e51-66e9-4479-b479-56e0f9f5f7af,2026-09-14T09:37:12.658258+00:00,Sarah Mitchell,sarah.mitchell@email.com,I was charged twice for my monthly subscription this billing cycle. Please refund the duplicate charge.,Billing,Medium,Customer reports a duplicate subscription charge for the current billing cycle and is requesting a refund.,Billing,Check payment records for a duplicate transaction and process a refund if confirmed.,"Hi Sarah, thanks for flagging this. We're looking into your account for a duplicate charge and will follow up shortly with next steps."
a7a40619-4740-4bf3-bbfd-c794f2b63449,2026-09-14T16:37:12.658258+00:00,James Okafor,j.okafor@email.com,Your app has been crashing every time I try to open my saved reports. This has been happening for 3 days straight.,Technical Issue,High,"Customer experiences repeated app crashes when opening saved reports, ongoing for three days.",Technical Support,Escalate to engineering with device/OS details; check crash logs for the reports module.,"Hi James, sorry for the trouble. We'd like a few details about your device and app version so our technical team can dig into this right away."
b723a404-9a2c-4e8c-ae21-59edf46db886,2026-09-14T23:37:12.658258+00:00,Priya Raman,priya.raman@email.com,My package was marked as delivered but I never received it. This is the second time this has happened.,Shipping/Delivery,High,"Customer's package shows as delivered but was not received, and this is a repeat occurrence.",Logistics,Open a carrier investigation and consider a reshipment or refund given the repeat issue.,"Hi Priya, we're sorry this has happened again. We're opening an investigation with the carrier and will follow up with a resolution soon."
ece0be23-e15b-4816-bfc5-acb05d69838f,2026-09-15T06:37:12.658258+00:00,Tom Becker,tom.becker@email.com,The blender I ordered arrived with a cracked lid. Everything else seems fine.,Product Quality,Low,Customer received a blender with a cracked lid; rest of the product is undamaged.,Customer Success,"Offer a free replacement lid or full replacement unit, whichever is faster to fulfill.","Hi Tom, sorry about the cracked lid! We'll get a replacement sent out to you right away."
05f3ec3b-24b5-4b0a-9f94-46f6a8716738,2026-09-15T13:37:12.658258+00:00,Aisha Bello,aisha.bello@email.com,I can't log into my account. It keeps saying my password is incorrect even after I reset it twice.,Account Access,High,Customer is locked out of their account despite resetting the password twice.,Technical Support,Manually verify account identity and check for a stuck session or backend auth issue.,"Hi Aisha, sorry for the frustration. We'll verify your account manually and get your access restored as soon as possible."
76ba27a1-271d-415b-9739-8d1b3e55596b,2026-09-15T20:37:12.658258+00:00,Daniel Kim,daniel.kim@email.com,I'd like to request a refund for my order since it arrived a month late and I no longer need it.,Refund Request,Medium,Customer is requesting a refund due to an order arriving a month late.,Billing,Verify shipping delay against carrier records and process refund per policy.,"Hi Daniel, we're sorry for the long delay. We'll review your order and get a refund processed for you."
f6747353-3469-46da-aff5-1202ca7f3a42,2026-09-16T03:37:12.658258+00:00,Laura Fitzgerald,laura.fitz@email.com,Just wanted to say the new dashboard layout is confusing — took me a while to find my invoices.,Other,Low,"Customer finds the new dashboard layout confusing, specifically locating invoices.",Product Team,Log as UX feedback for the product team; no immediate action needed for the customer.,"Hi Laura, thanks so much for the feedback — we're passing this along to our product team to help improve navigation."
990f05c9-4d4e-48d1-952b-34acf41aeb3b,2026-09-16T10:37:12.658258+00:00,Miguel Santos,miguel.santos@email.com,Someone tried to log into my account from a location I don't recognize. I'm worried my account was hacked.,Account Access,High,Customer reports a suspicious login attempt from an unrecognized location and is concerned about account security.,Technical Support,Escalate immediately for security review; force password reset and check recent account activity.,"Hi Miguel, thank you for reporting this right away. We're securing your account now and will follow up with next steps."
bc698b2d-9893-48da-afbe-882592cc023a,2026-09-16T17:37:12.658258+00:00,Chloe Nguyen,chloe.nguyen@email.com,The size chart on your website is wrong. I ordered a medium based on the chart and it's way too small.,Product Quality,Low,"Customer says the website's size chart is inaccurate, resulting in an ill-fitting order.",Customer Success,Offer free exchange for correct size and flag size chart for review.,"Hi Chloe, sorry about the mix-up with sizing! We'll get an exchange sorted for you and pass this along to review the chart."
020a9be1-0b6b-44e9-b0bd-aa45f8decbe4,2026-09-17T00:37:12.658258+00:00,Robert Hayes,robert.hayes@email.com,I've emailed support three times over two weeks about my broken order and nobody has responded.,Other,High,Customer has not received a response after three follow-up emails over two weeks regarding a broken order.,Customer Success,Prioritize immediate response and review why prior emails went unanswered.,"Hi Robert, we're very sorry for the delay and lack of response. We're looking into your case right now and will resolve this promptly."
